code,username,1_influencer
22408233,alala,0
44926421,chaps,0
52559843,kronaby,0
50013216,burton_menswear,0
24433842,amgreetings,0
72973314,aftershokz,0
34674639,footway,0
95648291,aunaturalelife,0
62643916,edys,0
15380822,baukjen,0
83914932,bfreefoods,0
48408477,bcproducts,0
32746775,dosenbach,0
54563128,frontrow,0
71145535,animaluk,0
62998515,alternahaircare,0
33121375,arashoes,0
42132524,digelofficial,0
97522225,elisestore,0
37374702,chimieyewear,0
69280657,ettika,0
52800402,algenist,0
68972607,btemptdbras,0
8616199,bambinomio,0
90733089,90degreebyreflex,0
5307096,dstld,0
98263717,aquishair,0
48567010,delphinethelabel,0
30105188,henrywatches,0
12524510,annabellecosmetics,0
60988315,auratenewyork,0
87366910,amorepacific_us,0
42601852,dreamsisterjane,0
73922954,aloette,0
91239394,bjornborg,0
62695602,brooklyncloth,0
88617721,bows_n_ties,0
50640140,daisy_jewellery,0
56921706,babyjogger,0
56339433,amaraliving,0
81205895,christ_juweliere,0
29446955,clairolcolor,0
40834452,byblumaan,0
12764426,bikinivillage,0
45724153,aventuraclothing,0
41100928,bookroo_love,0
42099907,boironusa,0
28534207,bestsecret,0
914453,alphahskincare,0
28375463,appaman,0
33874045,ellypistol,0
84777830,chiglo_official,0
67468389,24hourfitness,0
93272251,drdenim,0
1162279,beechnutfoods,0
38427034,fragranceshopuk,0
2951303,brunobananiofficial,0
2413297,bewooden,0
32950893,closet_london,0
87719521,brunettethelabel,0
61871471,antonymcosmetics,0
55053820,aviatornation,0
84807797,alipearl_hair,0
48507733,bigelowtea,0
49140968,desiolens,0
86542224,brunomagliofficial,0
13517517,brunarossocom,0
24542817,antipodesskincare,0
25701775,anthonyskincare,0
6931302,centrerockland,0
4165706,annalouoflondon,0
44551665,champneysspas,0
10213233,hausofpinklemonaid,0
44682827,cstudiohome,0
47697030,babydelightinc,0
59476252,bandolierstyle,0
47159720,buddha_pants,0
32174996,argentovivo_us,0
1237531,bearkomplex,0
66115710,dressedinlucy,0
78890875,botanicsuk,0
24688426,dearjohndenim,0
94405591,apropos_store,0
58995451,bronxselectors,0
58507941,blackwoodformen,0
95678838,anonymedesigners,0
93000682,dakslondon,0
24677500,armedangels,0
16875222,changelingerie,0
48240598,hara_thelabel,0
37280192,boldtuesday,0
84921219,acemarksshoes,0
90098553,babobotanicals,0
26662425,antoineetlili,0
32396803,blauerusa,0
91147278,antlerofficial,0
5996139,4f_official,0
53942385,bullboxershoes,0
99132130,2poodperformance,0
17914007,bitchnbrows,0
9537346,dare2b_sports,0
54177280,charbroilgrills,0
20447953,abhair_official,0
48895863,chinatownlondon,0
15145106,bornfootwear,0
65369116,amyjunelashes,0
94176401,bijoux_7bis,0
51977844,extriwatch,0
23124854,ducielondon,0
64712870,elliemaestudios,0
88252356,belsire_official,0
47566453,america_today,0
61047939,asodara,0
12177576,24iceland,0
50176623,bamboobies,0
59286932,balneaspa,0
98872548,basicappareldk,0
99623391,bkfootwear_official,0
20750057,brastop,0
88271217,changit_official,0
61570209,bambrows,0
70176672,cloudninec9,0
14700197,btemptduk,0
35231708,beringtime,0
79953595,acnefree,0
8513486,avlon,0
82341247,cdlp,0
4531742,devotelondon,0
5714079,acmemarkets,0
23848529,activeedgeofficial,0
43769951,alexmonroejewellery,0
11498860,azellecollection_,0
58895811,dormezvousqc,0
85627400,bukibrand,0
52204281,azukanl,0
40118103,alfieristjohn_official,0
91536435,becausecosmetics,0
60198616,accuristwatches,0
79179210,dillysocks,0
79862239,alterreny,0
73419393,amazfit,0
2329084,huffer_,0
97044323,3wisheslingerie,0
10977987,dante_men,0
26239627,alwaysformellc,0
3212843,arsantesweden,0
34688910,denzelofsweden,0
45635303,aliasmaeusa,0
11063411,dukehyde,0
63221344,anerkjendt_dk,0
3334970,elevatedfaith,0
29771976,budesin,0
24399576,24bottles_official,0
39872879,cliphairlimited,0
27459667,chesterfieldbags,0
1926627,alessandrogillesofficial,0
62219884,acquadellelba,0
57379093,eternalfleur,0
49675993,annefontaine,0
39853017,abcdesign_com,0
93347975,afteredenlingerie,0
98492409,becycleberlin,0
17115627,chaiprotein,0
39516156,ateliersauguste,0
46059386,bankygirlcreations,0
66769500,almalabags,0
92662540,beehivecheese,0
41478804,borghesehongkong,0
53295196,alessandrointernational,0
91760325,acevestiti,0
33773531,arlowolfeyewear,0
49530691,afflelou_france,0
19318655,amyandbriancoconutwater,0
90428544,boomwatches,0
62924178,andmetics_official,0
66232356,apothecareessentials,0
9511412,arianeernstjewelry,0
39848725,alpenclassics,0
48339864,anniesvillage,0
16306258,abhatisuisse,0
43071243,abtelectronics,0
81166249,alimrose,0
2264368,clekinc,0
25056049,2jewelsofficial,0
96427780,bbhugme,0
55472882,airfield_fashion,0
1117643,900shops,0
73207735,25apparel,0
73518347,ablyapparel,0
36383192,abicyclettefr,0
57190704,blackhorselane,0
97697754,alan_stokes,1
55540422,naturallybeautifulkat,1
90186701,maximilian.julius,1
88797571,chiapiscedda,1
82887915,gurjsohanpal,1
33736661,travelwithcorvus,1
14708685,marcustroy,1
69474924,esteelalonde,1
53433659,cleanfreshbeauty,1
48145833,bethgoodrham_stylist,1
24055042,emilygellis,1
8946587,shes_gorjess,1
55580095,menstylefashionblog,1
25979917,finnerz.uk,1
65839229,scimmietta_in_love,1
22470816,julian_green108,1
58690741,ntinos_siahamis,1
51016002,morenadiaz,1
80221000,nicotrudelle,1
98656060,adelianerys,1
9578576,haileypham,1
75742869,paradisedonnie,1
70497587,styleandstylus,1
1438030,emanuele_bonomini,1
66772752,hayleynoellexo,1
73154659,taniamotuzas,1
40831635,jennymitreva,1
73931140,spamellab,1
86773975,joshmarunde,1
86379879,trendy.dianou,1
70054749,philly.stokes,1
15047085,tiffany.louise,1
65861096,yanacanvas,1
49892734,a12pictures,1
98099852,bornnbread,1
41484157,engineermommyblog,1
27965188,lovemascara,1
6754034,giuseppe.grl,1
7931902,claire.studiobrown,1
77976575,michellerdk,1
1556841,daniel_walcher,1
90215760,marinabastarache,1
96798142,fredrikrisvik,1
99233153,theblondemann,1
5495628,adamgonon,1
3945291,dapper.david,1
73470486,runa.makeup,1
31284830,emmal_,1
69764085,simonasalvemini,1
33021081,mrscynthiauptmore,1
82906495,dedo90,1
19415818,virtuallystyledbyannmarie,1
85830820,laura_bruj,1
3113586,natashattodd,1
7911116,blvckxkev,1
28476661,mothershoppers,1
37930340,staceybeatty84,1
84370592,thefashionhackr,1
3473760,lucycsurf,1
43397212,carla_simonetti_,1
57614080,opalbyopal,1
39873995,shedreamsofgucci,1
81906449,livinglovingrunner,1
26961226,logicalharmony,1
28157827,dapperdonats,1
71753315,kokobeaute,1
67950574,ga11mck,1
51568620,cutsforhim,1
48804786,louis.lgr,1
15431549,sheelachristyn,1
93333218,lifewithlibby,1
19910740,sarahjeangirl,1
11963562,allanaramaa,1
63571140,cyrihell,1
22035719,alessandraairo,1
63077337,thesimplemoms,1
58694073,elisauc,1
92335577,nhieguys,1
21536592,superfertig,1
26345457,melissa_kalloo,1
64464718,graceonyourdash,1
91442049,back.road.ramblers,1
59998968,gofastmommy,1
4991535,lovefabdecor,1
84940423,amiharuna,1
36267222,kleiderei,1
73543713,ophelievita,1
93061405,theturquoiseflamingo,1
87838985,romainp__,1
38621909,chchiclifestyle,1
36651151,monique.berntsen,1
51339010,scricciolo92,1
17834019,s_lo96,1
36309182,carloalberto.mr,1
9411390,therealeljay,1
99164717,irene_buffa,1
99056198,chandler.hatchett,1
25436582,naturalbornfeeder,1
65028607,pops_foodiekitchen,1
13128443,missmondo,1
46469137,donafumarola,1
76092420,makeupwithmona,1
27387712,jakescawthorne,1
8579067,rachaelcasey,1
11118392,majamalnar,1
37949834,sheevawellness,1
21600575,jamiekingfit,1
56080676,_jadesmeals_,1
3141662,billyilliam,1
8081413,ahedgehogtravels,1
83429676,piecesofemerald,1
20795614,ash_bagga,1
41531408,_evaciland,1
37285855,sunnaneufeglise,1
47391558,ladybaltazar,1
56173813,keepieces,1
57028576,kangthropologie,1
94070828,kimiellie,1
63852817,nicomaya2525,1
91230175,wouterkaan,1
56697384,manuelavitulli,1
38396936,ezgi_zazou_zena_chloe_,1
92862304,francescatocca,1
88847469,wiepboers,1
55543968,thatguyfromffm,1
15443372,mrbatlle,1
9812188,angelicafredricsson,1
91459500,wanderwithmacy,1
51998643,vanessabratschi,1
65152903,gaia_bernacchia,1
84310622,alisonliaudat,1
62827678,juliemontagu,1
18912578,gracey_can,1
21574445,viandherart,1
50482078,judithhartjewellers,1
11848161,tazandbelly,1
80371125,hank_ge,1
77851610,iamduct,1
84334062,alwaysmeliss,1
52242273,deebeautyforever,1
15877797,georginagrogan_,1
2529001,dave.vendetta,1
91448228,robinastani,1
73971162,pompberry,1
36007113,jonas_sofly,1
24126235,francescanardo,1
82224918,nives_arrigoni,1
58019985,giorgiabalestri_,1
62177174,austenandparker,1
81848528,mensfashion.book,1
10725301,icanseeadream,1
80226103,julie.thedesigntwins,1
94628613,jolien_brx,1
18993826,thesolbergfam,1
73391220,lunachildxox,1
29197720,toriiitoriii,1
58542360,williamjwade,1
46494916,the_moabs,1
88015966,soosoffia,1
54272776,steffscheid,1
79209731,bayarea_buzzies,1
87993563,henryjwade,1
76682067,paulinaeriksson,1
87345645,taylorsometimes,1
63297331,kristine_janice,1
91910412,cjphotos_essex,1
71087834,marlouwinkler,1
43653503,emmakeuven,1
92229618,la_sidhu,1
21548931,smallstepsaregiantleaps,1
9559449,rockmywedding,1
43368452,stylemelauren,1
24367836,ericalave,1
57469223,jossmooney,1
24929093,inhonorofmotherhood,1
21947089,enzagreco_,1
21243568,dumplingsisters,1
27463370,afashionnerd,1
16522765,ecological.ly,1
89376945,saraschifani,1
54139417,valentinadorsi,1
43888310,jannenaakka,1
80043098,stellaglowing,1
45469815,ali.naqviii,1
59676583,tiffanytalesxo,1
45770966,girlandtheword,1
12316924,graffagninimanagement,1
94765291,astronautabbyofficial,1
1677201,zach_sowder,1
94455999,alexanderson29,1
39466243,ashleyguarrasi,1
7304526,_jacksjournal,1
73944218,steffanrussu,1
20438535,its.max.wehner,1
13587633,toni.raquel,1
58504127,kathryynn,1
54331225,emilypalos,1
79439679,susanasaloo,1
39232537,rebeccaseals,1
85178281,fashionbeautyed,1
37497918,nrahmichelle,1
40662171,alvainnala,1
67932273,naomiboyer,1
11472209,iblondee,1
78846934,thefashion_lift,1
99720329,jodiielaw,1
20530620,withrobinj,1
22170010,emiliechow,1
689642,sydniiee,1
71633091,goodonyou_app,1
44295669,sarahgrahamfood,1
35148683,video_girl,1
92822606,blue.and.hazel,1
38806816,giuliapeony,1
57386163,sophie__nelisse,1
72337900,bratty.bree,1
20937253,thisthriftedabode,1
15652600,cally_oneill,1
57134736,remembertheocean,1
9052457,carlos_domord,1
56685731,fortheloveto,1
53309031,fashiontimes.it,1
34469205,mario_schafzahl,1
45463487,comedowntothewoods,1
81595078,xalexandra_26,1
14378912,laurat_funk,1
80199117,samanthasito,1
34853461,thecinnamonmom,1
89077224,liberta.haxhikadriu,1
44694307,journeywithmom_,1
89938133,itsnicolesimone,1
94772232,homeinteriorpage,1
21134704,carlita_the_gypsy,1
39970524,brettfirdman,1
19819308,_.imamber,1
85774043,_littlesnippets,1
73642595,tomwindeknecht,1
41587565,mikaatbhc,1
93590501,welovekaani,1
59084784,paulsculfor,1
13659646,francislola,1
97243357,dfmarin,1
86092044,belleandbunty,1
863084,zinafashionvibe,1
55051290,karenfleischmann,1
94611470,hushglossstile,1
76984046,ssarahjacobsen,1
38516747,angelicadamore,1
27975865,fit_n_clean_mama,1
94743945,labauhinia,1
70531025,ludivine_langlois,1
16092649,kristaperez,1
24957382,raetilly,1
17238273,littlemixico,1
69615167,itsjustkelli,1
92021724,naaomiross,1
31736971,kimdecke,1
62729367,chloeplumstead,1
4242967,marcialeone_,1
65581613,beautybritecom,1
58653494,madeleineborgersen,1
73642487,tatesuttonhealth,1
35970606,thatsotee,1
1955172,alessio.capizzi,1
66255412,mumneedscoffee,1
69232380,carleyscamera,1
71682307,londoncitycalling,1
50015310,stayfoxx,1
96231788,raeannlangas,1
35472252,xomissdanielle,1
97647577,nancymoeller_,1
94049732,krueger_patrick,1
93594623,sarahjanebea,1
88500762,andeedoll,1
96797958,krischerie,1
51871806,crystallizedcho,1
6180861,virgipiedrahita,1
92003439,cantimagineit,1
25757367,thekelleydoll,1
52235868,thefashionheist,1
42505631,thewhimsysoul,1
52211982,kuleshova,1
50762953,difficileesseredana,1
97919190,maxliebtsneakers,1
68960086,athenanaa,1
95803077,zannasplace,1
857558,happybabyness,1
21768549,janapegrimova,1
72276020,drayamichele,1
64673709,aliciajhealey,1
73600147,kongydmyk,1
48867240,linda_wlust92,1
19909490,franki.dammone,1
12622130,sarinamaya,1
92446617,gloriapiscedda,1
61167443,madeleine__lb,1
18442358,moon.coco_,1
91465706,rclayton,1
65422564,sidrellah,1
30197373,mylesleask,1
67935531,lescolonnesdesarah,1
34704537,fixedtothrill,1
6230669,lyannemeijer,1
23860679,lolitamas,1
73469246,avrilkeysblog,1
45041149,itsisabel.90,1
13648173,rachfeminineindenim,1
93499857,juliasteyns,1
88531471,willwanderforfood,1
85695556,aliceneverstop,1
93251296,pegapapelotijeras,1
33724832,gothfjord,1
33593950,gracejeramie,1
41391377,thenikkistandard,1
83828952,noracim,1
24415091,inngenue,1
69248068,d_watso,1
45575101,mon_mode,1
19439553,olof1982,1
79492185,hillesha,1
56351741,belli_love,1
19843116,tulipwonderland_,1
80001872,peterandre,1
2900788,imnotsorrydarling,1
75271199,marthashappilyeverafter,1
21664959,zanabfarooq_,1
69436931,mommy.yoga,1
48563929,agoodhueblog,1
7101976,strawberryblondiekitchen,1
99382346,paulineneyrolles,1
64010023,veroniquesophie,1
39294260,xdyonnex,1
72077709,lifebeyondkids,1
56966386,habesha_hottie,1
29800898,mylifesatravelmovie,1
43223109,raniaontherun,1
41458419,lorenachietti,1
95348992,laurahamiltontv,1
34701640,sarahwitpeerd,1
33348419,aieshabeasley,1
55235771,typicaltuyen,1
17665158,curlycraftymom,1
5730685,viviannn.wong,1
35186649,nikarichii,1
71562334,essentiallyerika,1
12229577,deividas,1
15330082,la_frack,1
49386601,aliciaeverafter,1
39073073,alllthingsamanda,1
61180875,mariasri,1
96750355,life.as.leah_,1
57772854,beauteactive,1
90767684,vmceccato,1
18790929,rachelnosco,1
32703672,_housewise,1
11181119,bentleyblonde,1
73911963,thefrenchfolk,1
53741222,mycreativelook,1
78688301,kehinde_smith,1
67373049,garfield.is.my.name,1
65863435,foodfitnessflora,1
95306452,msstacyliz,1
99472190,mzjuicy_stakks,1
69077247,tatevik,1
69601178,francesca_rubbi,1
81884088,jordanbigs,1
79131924,justtututiny,1
8351292,mrsktpierce,1
91305849,aboutcaromaria,1
9954114,diaries.of.danielle,1
51848377,lovenicolerae,1
84524981,yourgirllani,1
8177883,opodramatica,1
3003879,interiorjunkiecom,1
41191931,mamacheaps,1
22267945,wellwithtiffany,1
35150960,herz_2_herz,1
89642250,lrns.journey,1
92080222,katyajones,1
46994397,karlycakesss,1
84942311,itssamkress,1
18279064,ericamuellerhome,1
45724306,chloejmeadows,1
29615162,motyvuotiatletai,1
18221327,letsgoeatca,1
35478002,patrycjatrznadel,1
2790328,ash_theheartofit,1
77673665,houselust,1
52662737,mariiacanoa,1
11915733,careeohhlinee,1
46216533,lindsayknoxmcvety,1
36620635,sandymakessense,1
43528412,maritimemommy,1
86520100,amyserrano,1
6402958,simonafloresta,1
27566161,michellexdiaz,1
99369594,kimmys_renaissance,1
97523468,thebirdrunner,1
87532151,jordanweekender,1
96190827,being_melody,1
15221750,cocco_ontheroad,1
37417445,savingyoudinero,1
19571524,simona_scu,1
91575986,five_make_a_home,1
9872965,drsarah1on1,1
2092913,giselluna,1
60402313,_johnjarrett,1
79217142,amandamsperoni,1
64068179,xthuyle,1
25302757,nycpretty,1
78826752,daniellerae.xo,1
42978342,merricksart,1
92229164,gallacherkirsty,1
72880369,whitneys_wonderland,1
55033543,laceywiltshire,1
61839442,ashleyjtodd,1
115998,shesthecontessa,1
65372986,stylebymarz,1
62979937,alisonksaylor,1
96956254,mikaelashiffrin,1
65746766,katarzyna.zet,1
12686162,caribbean_cowgirl,1
78625208,roxanarosuu,1
49161271,sarahkretzu,1
10255610,thefloralaw,1
78071591,noahschnapp,1
21159824,cheryl.law_,1
52400756,grace_goldberg,1
73935227,christinaeileen,1
67675737,je_dinn,1
512822,blondeyouadieu,1
70727733,projectmotherhood,1
55055023,emilywondree,1
67561678,kourtnileigh,1
34626270,itsjaou,1
58632167,jennyloveslove,1
59632150,mommainflipflops,1
21298761,simplyclassycassie,1
42158602,ohsoglamblog,1
73716194,browngirlstyles,1
8126589,busylittleizzy,1
79432729,abigailbrockman,1
18016830,yaelfrla,1
79886480,danilas93,1
46009450,jillgourlayx,1
18137828,vivaveltoro,1
20444480,glamandgeeky,1
49483338,mattsslimming_food,1
33533187,lustliving,1
41018129,allisonbcarlson,1
14167103,richardmeharry,1
21140273,sapphirediaries,1
96296681,lottie.daisy,1
78693655,rachelobeauty,1
80657708,the_vintage_bombshell,1
52816190,__beingbrittany,1
23427274,albertodibartolomeo_,1
48632361,seynabou,1
78035014,streetsbeatseats,1
27865418,travandcor,1
4282539,valentina_peracchi,1
79262753,kaleymcc,1
12961011,littlesouthernwife,1
53953185,claudiaskop,1
79601107,tori.mccain,1
34302382,mattlummus,1
56530556,amandawarren__,1
74001972,msheatherlynne,1
89520378,livblankson,1
80441854,hjgflanagan,1
54161407,melaniekroll,1
97766095,romanaschoenauer.photography,1
6880535,puremomblog,1
56885991,a_romangirl_in_miami,1
70704642,eburnsprepjerks,1
63692990,pinkheartsbee,1
55721841,hannahliza,1
91758730,toniolaoye1,1
16453501,karin_horen,1
85897347,alessawinter,1
88417007,shannan.rn,1
97760841,little_tummy,1
44359683,culturecheese,1
4865869,kekicannon,1
38437734,betsabea_,1
32326158,jointwine,1
70144488,emmaplusthree,1
89410253,thehautebrunette,1
92933126,colorblind_bird,1
26532539,house.and.roses,1
9162134,missmisschelle,1
12105973,thesalcombemummy,1
14939666,thisismarionette,1
9758321,jennifercallahan,1
37974522,fae101,1
49947157,thefitfatale,1
41800731,knowingtracy,1
82222309,karenchaiane,1
28422940,sarahsmommylife,1
57102686,isislouw,1
38241185,karolynbriley,1
50879358,mommydoesntlie,1
72275540,select._____shop,1
99998943,bostoncommag,1
67700679,ashleymareebeauty,1
59987678,teressaas,1
98100785,carlotta.rubaltelli,1
53911077,blonde_blog4u,1
17218454,alessandracarlomagno,1
22093531,franci_chelli,1
13450420,cutenlittle,1
21100891,kate.at.number35,1
81881300,southernmadesimple,1
34519428,pmqfortwo,1
20640433,themomedit,1
22024249,kirbyisaboss,1
90009048,raeciao_,1
13691005,sinemgenckol,1
93316209,kiskisliss,1
17908705,shelly_pineda,1
40101570,pipshome,1
10316221,makingitmoore,1
65797962,shes.kimmie,1
98784185,lovemamadews,1
43926415,blovedblog,1
30780494,chinutay,1
2159428,discoverelle,1
64987211,xin.xue,1
75300092,sarahroseloves,1
26028,rachael_francess,1
1890600,cocosteaparty,1
27457347,osmanyy,1
4486625,thisgirlcanorganise,1
56201003,josefinnyblom,1
27033083,alexandra.nicole,1
10221658,nyctechmommy,1
77802622,lara.gr,1
5973195,jesskatt123,1
41515697,enabla.fr,1
39149841,mailynngo,1
28113179,wearsitatkat,1
53754329,jennythevoice,1
67023954,petaly_k,1
41986160,insta_kennedys,1
1779551,sienna.hollen,1
44060138,libriamociblog,1
47493023,kylee.pickering,1
68268950,justinevivienx,1
24471963,noor,1
85634093,rhian_hy,1
32106933,saraguchi84,1
63647587,mvrubi,1
19196665,gabrielmpadilla,1
45695113,spicentice,1
61170163,norahpritchard,1
33023257,dailyfrontrow,1
83479221,mancinofederica,1
43423786,anaistori,1
58396380,_dawn_wells,1
45111247,ingrida_martinkenaite,1
63041991,justdoing_mi,1
74796878,cate_carpe,1
41064515,ju.st.style,1
69214868,ziiarch,1
99957671,kileerainbow,1
14232990,lewiscastillor,1
60690906,avene_uki,1
62603926,laurenelson,1
96827806,pegahpourmand,1
75084516,gr1fn,1
13526707,glamourimblog,1
43687645,codergirl_,1
87363015,yuko_yoga,1
9839803,laborders2000,1
14832647,seiichirouwet,1
29422646,thejennaricciardi,1
50936989,mightymorphinz,1
39846177,eddygrim,1
14437948,bele.marie_,1
39620221,amineezack,1
23875255,dressforsuccess,1
11575080,hannahstemme,1
42018427,hellolizbraga,1
94904838,teresa_vu,1
1403396,sruoy,1
73424916,wendyvsoest,1
66547007,meghannselmes,1
10376968,easy_peasy_creative_ideas,1
71171085,nanibla_,1
37549690,thegirlinthetartanscarf,1
98621208,juliasannerdahl,1
5722858,benchpeg,1
31600304,elisachisanahoshi,1
12867979,atrendyexperience,1
41476086,vanillasyndrome,1
79418883,wheresmollie,1
80151261,dustincelestine,1
94943340,i_am_laurabrown,1
99889738,dappergillstyle,1
69257553,ana__monte,1
94115338,azramijnsbergen,1
52204273,lovingl_y,1
31946690,melly.woo,1
45635823,nerline_germain,1
5509268,amal.amamou,1
10752425,yleniapetrucci,1
67514181,jan.a.man,1
34186919,lucreziacandelori,1
47210371,chiaracampbellrieger,1
31616785,thedaydreamdiaries,1
57063149,norinescountrynest,1
6301684,ekammeyer,1
99702705,carmycotugno,1
76422736,valerianardilli,1
7061681,sunshineandjetts,1
25589804,fromevijawithlove,1
62181952,alexsimpson_x,1
43220719,alliegee319,1
66411235,yolanda_rosell,1
27198693,flyingcouponer,1
9052617,yogitoronto,1
41392795,ashmeet94,1
48570036,elviracioffi,1
81716149,thetierraj,1
3606626,yamamnabeel,1
75315259,xolivi,1
20399442,vildevang,1
93235707,jessicaelectraa,1
81243934,jordananastasia_,1
88482775,finnteriordesigner,1
58053547,kenlgr_,1
21295741,allthingscount,1
51290165,mizzmok,1
36769336,antheasanna,1
87325298,kimmkruse,1
62555983,overdarry,1
59982455,lovesunnyleona,1
59748271,mondyna,1
26608930,ml.yi,1
31252728,huntersofhappiness,1
39960770,explorewright,1
9194079,twisttravelmag,1
96510791,joliemodel,1
66780478,lindseylondonmumma,1
79673930,lauranorrisrunning,1
71669080,dallas_moms,1
21333131,jamieericksen,1
65454053,johnthebaptistla,1
73271141,benparkes,1
14024901,mrsgasky,1
72113330,theblondeflamingo,1
61968645,carmelatte,1
75098297,michaeljhardwick_,1
8043815,crogtierney,1
55470645,cyrillibrahim,1
49986487,stangandco,1
44178215,anna.krylova,1
27846606,jesssouthern,1
83671499,carmendiprima,1
29978906,julesjetsets,1
56749580,amanda_holstein,1
94245967,marikym,1
86157033,staceycookusa,1
83377510,aimeerancer,1
32030862,capsulemumstyle,1
45216301,isabelle.clarke,1
87130689,tomasch_,1
32532388,alexandravoya,1
8123471,makeupcitypop,1
1590228,hollybentley_yoga,1
11737412,talunzeitoun,1
46945016,sarah_adf,1
33425839,_millergrey,1
10550734,lindaboese,1
73767248,pink_princess_717,1
76542998,gisellafrancisca,1
65675345,paula__muir,1
14216079,kata.lima,1
43023528,gregt_ktu,1
73154054,joaquinmorodo,1
51582528,laurahopa,1
13207303,erika_n.c.r,1
58319284,ida_df,1
63007536,mollieroseuk,1
55928393,annemarieamber,1
12657462,chiccaa_92,1
21856939,mindysttnprty,1
1963351,christinemconnor,1
10885243,laurenhendrix92,1
67873135,mammapop,1
96408173,thebasicbloggerbitch,1
69342063,naturalmentemama,1
70272630,adrilately,1
72450081,sarabottn,1
30676499,cxrlywhite,1
91788562,britt_horton,1
64525200,the.blonde.bookworm,1
17819247,hattiewesttt,1
71636419,fiioredimaggio,1
24668511,thebeckywillis,1
88750886,naturally_yayou,1
619542,chelseabourke,1
60342764,a.kblr,1
31248102,halaltravellerguide,1
59853131,izzieburletonx,1
31755190,trendmixblog,1
29020779,clematc,1
93129045,birdseyemeeple,1
22609279,brielle_davis_gmm,1
63808137,misshedwig,1
58387730,nymatang,1
62578393,brownchris,1
83294544,fleetfarmofficial,1
9021752,tooshortname,1
76222297,caiocesarrx,1
43816348,sydneyliann,1
30018161,gemelizabethloves,1
30376549,dadwithapan,1
44605967,redgirlwithcurlss,1
74832408,alexisdavilaa,1
19150837,sharonwarten,1
11610652,marco_borzillo,1
60224561,notageek4u,1
24734277,valielfrnce,1
12726080,mursalison,1
2725978,man_branded,1
45482935,taylorsaxelby,1
12380678,phebrown,1
70015244,mariechristineproulx,1
57737259,mskerih,1
67227966,bk_goldengoddess,1
29332800,rockinmamalife,1
23282831,trishayearwood,1
77076837,moacilopes,1
6890416,lovebakesgoodcakes,1
92880090,readeropolis,1
17397492,dawnrichard,1
48055554,marinobambinos,1
30271522,mariscallahan,1
37459987,cesarsjourney,1
61494872,eddypinto_,1
2641746,casa_colibri,1
59231279,emeraldgordonwulf,1
90149790,rainkatayanagi,1
97222304,joyce.r.shulman,1
90106091,federica.scaduto,1
29648481,wanderingwolfchild,1
43498890,carlafitlife,1
5306201,ryanbaileypotter,1
14456333,ericaonfashion,1
9568314,elleydanay,1
62413425,ryansecret,1
26478928,stylemissmolly,1
82727408,the_koko_channel,1
45336663,lolavan,1
16119264,amythemermaidx,1
23962115,yay.skii,1
65327501,katecrandall,1
39321944,micahjesse,1
99344243,mrdanielnguyen,1
69984197,naturalme4c,1
66039663,jessiemdelgado,1
92055861,crumbykitchen,1
57804204,thysonb,1
1997508,daisychaindream,1
84605343,taislany,1
84758640,my.skinology,1
22725591,xoalexandram,1
68326489,dressastyle,1
44396694,deboracentonze,1
39551822,jack.designs,1
34146462,zero.waste.nest,1
5703446,fierzsportswear,1
35923345,shoesandjuice,1
45446988,stylesofman,1
80794763,annakaderavkova,1
85863186,katelouisehowson,1
46446972,phyllondon_bodiphy,1
3004044,salvatoregualtieri_,1
63011263,emsoen,1
49493877,helloangelrose,1
21939618,ericethridgemusic,1
78309236,poshpassions,1
72922693,momentsoffashion,1
64703534,yasminelzomor,1
99328871,amber_m_bentley,1
95890882,pontusrasmusson,1
34269969,chicandsweaty,1
37258675,lucababboni,1
60395403,camerontewson,1
50119122,irisenthoven,1
40446233,_annandrea_,1
27959294,laetisleroi,1
33761865,tommybrady7,1
24617431,kelseykinsel,1
23656600,emilywithanimals,1
96381988,wastedboys,1
98501011,earnshawsmagazine,1
99761767,mamathefox,1
53365567,diana.heisler,1
82910465,almosthemoon,1
95071037,pariejoshi,1
43780739,theblondeventure,1
38781840,missnicolelynn1,1
10408656,nessa.ssary,1
94417397,pentasticarts,1
57069307,thegreycanvas,1
63345193,thecatwilliams,1
17331832,alexcellenthealth,1
32672420,hollyportelli,1
62148380,lyasiainthecity,1
90016224,beingashleigh,1
28061075,idazeile,1
49616169,chxrming,1
87046083,ksmmakeup,1
79080447,iamgeorgenikolaou,1
57714515,carolinareal,1
95839053,theneekola,1
12780073,aglamlifestyle,1
85719011,irishtatler,1
86880800,upanddiemagazine,1
26968803,caterinamoda,1
58053881,romarealica,1
76890331,filippofattorusofoto,1
93122651,irisamber,1
27771863,annabelizm,1
9464694,bangonstyle,1
38330989,globetrotters_aj,1
46679418,welliesandchampagne,1
57497912,jjlifenstyle,1
27806311,olyacreative,1
70377464,madeleinekettner,1
51031668,sophiedeleede,1
69039017,taniabdarling,1
39672297,hippie__world___,1
44811307,emmanuellenvr,1
64621444,liarosealice,1
15628688,julia.tric,1
13855822,parentinghealthy,1
33534794,slavia_karlen,1
83525708,cleverhousewife,1
72474919,gemkwatts,1
42968597,gastro_le,1
40458347,sweetiesinthesuburbs,1
86292160,elenajole,1
13328679,lalalaclaire,1
73311217,stellasowa,1
86811568,thedandyliar,1
77615382,lia_tard,1
48317890,johannahoffsten,1
31326132,manuecureau,1
54543229,aidaper,1
58880155,kinkysweat,1
8301582,juliadantasbeauty,1
24657284,wearedresscape,1
236143,stephjoyner_,1
51111268,beauhemm,1
96697306,thefamilybeehive,1
68592318,cam_ds,1
49089676,partytildawn,1
93209033,wisteria_voyage,1
43743886,silcre__,1
11617261,aboveandbeblonde,1
92723355,chelseaasoflate,1
98160134,jennalyyy,1
20692641,dimitri_tsr,1
39258532,itsvictorwong,1
20909394,veronicaalesci,1
40222688,sabrina.wgrt,1
92449267,borolitos,1
4223198,thoughtfulmisfit,1
85587870,tanejasbride,1
94742685,melaninmakeup,1
87136491,foreverjenypher,1
45438052,hakamme,1
7508103,thestephglover,1
77489837,kimcdickerson,1
47323194,spiral_of_life,1
94355498,florenceros.e,1
40661245,maliajaynehome,1
10572474,inkstaboy,1
7059012,palmsets,1
66568985,elylemieux,1
51396667,oliviaponcelet,1
37067185,rossellaiozzi,1
96984633,jcpeters_,1
57394912,tobebright,1
6331291,sixfeetinheels,1
90085346,whatkathydidnext,1
74000123,mummyfever,1
68832169,brittmfogle,1
80058335,antheajanebiggs,1
43161387,dimitris_kolonas,1
42567587,jeffreygala,1
49772950,patri.house,1
26065510,cindyprado,1
15658574,navigatingwanderland,1
19785858,visiondharma,1
78340061,blameitonmei,1
23304063,cheskahull,1
63158326,ingaakira,1
1584881,dani_wahlstrom,1
60177134,spanishyogagirl,1
67800377,yessy_reviews,1
61614525,aww.sam,1
68521221,stoffepettersson,1
73171540,__chloeperry__,1
48340083,adelaguerra,1
23291340,divinedotca,1
62482428,ejay_diamond1,1
61428514,chechurodriguez_real,1
8941529,terminally_unhip,1
84380629,aratariathome,1
5070931,valentinbruneau,1
97433044,andrewcretaro,1
93701236,catcherinthestyle,1
92227227,igers_treviso,1
25965595,swankandroche,1
73853302,dianaprz93,1
11184907,alexandrafogarassy,1
70298119,giuliafsmith,1
36615975,samrollinson,1
38234683,silvio.dandrea,1
79220935,astoldbykaydi,1
99347350,csirinyi,1
37446651,adoeandfawn,1
35820509,patricia.cori.na,1
53515154,dressedfortime,1
8414915,camillassecrets,1
31781078,jasminwalia,1
45896593,tabbyspantry,1
7711214,the_stephen_3,1
93857407,beautyecologist,1
53940926,annalinda_96,1
27292029,estokholm,1
21126486,salvatorechiacchio_,1
29273433,ishcontent,1
79553859,sofiabergsten,1
34197122,shantrinas,1
8761641,nicolay.t,1
87399761,districtofchic,1
99622718,sharing_genes,1
98437100,rossella_torelli,1
85481989,laurasandoval___,1
95418913,halfmermaid_rin,1
37126523,smiling_notes,1
62492575,brnzblog,1
36948890,franbowtie,1
43715257,laurralucie,1
42212990,aure0lia,1
12642624,mk_espo,1
95702425,keely_busby,1
11997104,ty3kingz,1
49134130,nenolovesyou,1
47224725,houseofharper,1
18152082,wrappedupnu,1
56356030,monellechiti,1
41307317,secretsofjessica,1
57317130,makeupbytammi,1
58632406,tayaladame,1
64358018,jodiblk_,1
30608672,emilyboazman,1
86343703,marynaaksenov,1
10704944,alainakaz,1
13135807,snigdhaparijat,1
9618454,saramontazami,1
32265426,tripinaomi,1
62799185,jujuonther0cks,1
98378426,louisawarwick,1
74025600,mckenzieryan,1
89296040,lapetitestyliste,1
40543059,sugarmama1211,1
3687794,erlakolbrun,1
34851040,emmavanstone,1
37990438,classyverse,1
4801250,leyla.kazim,1
28245740,pattys_kloset,1
14212827,malinstee,1
19168555,chairyoga.barb,1
91368725,amandakl,1
48369882,luxe_leisure,1
80010827,cbquality,1
68725884,kristen.ny,1
34166118,alessiameucci,1
51373757,nicoleroseblog,1
28866677,dannybayshore,1
35666742,atsunamatsui,1
98146648,kirstenortez,1
36824904,zaramartin,1
96040139,trainerkelli,1
93124829,easyherbst,1
25939621,all.smol,1
43092618,elyselauthier,1
76726886,carmensegattini,1
29748845,what.sian.eats,1
90730199,thickgrlscloset,1
36743912,theteachermama_,1
53970711,thesprintsisters,1
88941784,malaami,1
7130380,burcu_ergin,1
93282617,themonalita,1
99056199,_claudiabella_,1
46820537,christinaeom,1
27082970,meetmeeker,1
23002514,sofashionated_by_steffy,1
22492768,rubykittyy,1
67562428,hxlloworld,1
1461648,peachestopearls,1
37413633,shaunstafford,1
3981310,kirstenanderton,1
8975030,bossfidence,1
3406803,mommy_and_mira,1
79598499,noemiebannes,1
13626691,eliselefort_,1
26410850,emmafayerudkin,1
97197148,samfenton_,1
2953182,marysuemilliken,1
83564815,kristieramo,1
32345025,haifazakariaa,1
66091147,selinasinspiration,1
2245068,chooseloveart,1
2882854,chyl.robinson,1
72634243,officialbeautydollz,1
58266944,katerina_leroy,1
31933003,upalalaok,1
43747648,ignaziomoser,1
49868532,eat.to.live_fit,1
96262676,pumpsandpushups,1
22197416,livpurvis,1
95893978,aly.ssamegan,1
13878200,lisette.harrington,1
26818175,natalieheckman,1
35986410,sheriseswithgrace,1
58876851,alessia.pagani,1
58330383,richicadrouce,1
52633613,thedistinguishedgentleman_,1
230041,shannonbaker,1
26775377,missmikaylag,1
15329570,sonia_lmch,1
64148270,jaynee.me,1
39037499,todaywelove.uk,1
61581019,branadane,1
59165159,mysweetzepol,1
71689489,annkathringrebner,1
10739450,missguenette,1
77769555,cath_belle,1
