node,feature
alala,1.0
chaps,1.0
kronaby,1.0
burton_menswear,1.0
amgreetings,1.0
aftershokz,1.0
footway,1.0
aunaturalelife,1.0
edys,1.0
baukjen,1.0
bfreefoods,1.0
bcproducts,1.0
dosenbach,1.0
frontrow,1.0
animaluk,1.0
alternahaircare,1.0
arashoes,1.0
digelofficial,1.0
elisestore,1.0
chimieyewear,1.0
ettika,1.0
algenist,1.0
btemptdbras,1.0
bambinomio,1.0
90degreebyreflex,1.0
dstld,1.0
aquishair,1.0
delphinethelabel,1.0
henrywatches,1.0
annabellecosmetics,1.0
auratenewyork,1.0
amorepacific_us,1.0
dreamsisterjane,1.0
aloette,1.0
bjornborg,1.0
brooklyncloth,1.0
bows_n_ties,1.0
daisy_jewellery,1.0
babyjogger,1.0
amaraliving,1.0
christ_juweliere,1.0
clairolcolor,1.0
byblumaan,1.0
bikinivillage,1.0
aventuraclothing,1.0
bookroo_love,1.0
boironusa,1.0
bestsecret,1.0
alphahskincare,1.0
appaman,1.0
ellypistol,1.0
chiglo_official,1.0
24hourfitness,1.0
drdenim,1.0
beechnutfoods,1.0
fragranceshopuk,1.0
brunobananiofficial,1.0
bewooden,1.0
closet_london,1.0
brunettethelabel,1.0
antonymcosmetics,1.0
aviatornation,1.0
alipearl_hair,1.0
bigelowtea,1.0
desiolens,1.0
brunomagliofficial,1.0
brunarossocom,1.0
antipodesskincare,1.0
anthonyskincare,1.0
centrerockland,1.0
annalouoflondon,1.0
champneysspas,1.0
hausofpinklemonaid,1.0
cstudiohome,1.0
babydelightinc,1.0
bandolierstyle,1.0
buddha_pants,1.0
argentovivo_us,1.0
bearkomplex,1.0
dressedinlucy,1.0
botanicsuk,1.0
dearjohndenim,1.0
apropos_store,1.0
bronxselectors,1.0
blackwoodformen,1.0
anonymedesigners,1.0
dakslondon,1.0
armedangels,1.0
changelingerie,1.0
hara_thelabel,1.0
boldtuesday,1.0
acemarksshoes,1.0
babobotanicals,1.0
antoineetlili,1.0
blauerusa,1.0
antlerofficial,1.0
4f_official,1.0
bullboxershoes,1.0
2poodperformance,1.0
bitchnbrows,1.0
dare2b_sports,1.0
charbroilgrills,1.0
abhair_official,1.0
chinatownlondon,1.0
bornfootwear,1.0
amyjunelashes,1.0
bijoux_7bis,1.0
extriwatch,1.0
ducielondon,1.0
elliemaestudios,1.0
belsire_official,1.0
america_today,1.0
asodara,1.0
24iceland,1.0
bamboobies,1.0
balneaspa,1.0
basicappareldk,1.0
bkfootwear_official,1.0
brastop,1.0
changit_official,1.0
bambrows,1.0
cloudninec9,1.0
btemptduk,1.0
beringtime,1.0
acnefree,1.0
avlon,1.0
cdlp,1.0
devotelondon,1.0
acmemarkets,1.0
activeedgeofficial,1.0
alexmonroejewellery,1.0
azellecollection_,1.0
dormezvousqc,1.0
bukibrand,1.0
azukanl,1.0
alfieristjohn_official,1.0
becausecosmetics,1.0
accuristwatches,1.0
dillysocks,1.0
alterreny,1.0
amazfit,1.0
huffer_,1.0
3wisheslingerie,1.0
dante_men,1.0
alwaysformellc,1.0
arsantesweden,1.0
denzelofsweden,1.0
aliasmaeusa,1.0
dukehyde,1.0
anerkjendt_dk,1.0
elevatedfaith,1.0
budesin,1.0
24bottles_official,1.0
cliphairlimited,1.0
chesterfieldbags,1.0
alessandrogillesofficial,1.0
acquadellelba,1.0
eternalfleur,1.0
annefontaine,1.0
abcdesign_com,1.0
afteredenlingerie,1.0
becycleberlin,1.0
chaiprotein,1.0
ateliersauguste,1.0
bankygirlcreations,1.0
almalabags,1.0
beehivecheese,1.0
borghesehongkong,1.0
alessandrointernational,1.0
acevestiti,1.0
arlowolfeyewear,1.0
afflelou_france,1.0
amyandbriancoconutwater,1.0
boomwatches,1.0
andmetics_official,1.0
apothecareessentials,1.0
arianeernstjewelry,1.0
alpenclassics,1.0
anniesvillage,1.0
abhatisuisse,1.0
abtelectronics,1.0
alimrose,1.0
clekinc,1.0
2jewelsofficial,1.0
bbhugme,1.0
airfield_fashion,1.0
900shops,1.0
25apparel,1.0
ablyapparel,1.0
abicyclettefr,1.0
blackhorselane,1.0
alan_stokes,1.0
naturallybeautifulkat,1.0
maximilian.julius,1.0
chiapiscedda,1.0
gurjsohanpal,1.0
travelwithcorvus,1.0
marcustroy,1.0
esteelalonde,1.0
cleanfreshbeauty,1.0
bethgoodrham_stylist,1.0
emilygellis,1.0
shes_gorjess,1.0
menstylefashionblog,1.0
finnerz.uk,1.0
scimmietta_in_love,1.0
julian_green108,1.0
ntinos_siahamis,1.0
morenadiaz,1.0
nicotrudelle,1.0
adelianerys,1.0
haileypham,1.0
paradisedonnie,1.0
styleandstylus,1.0
emanuele_bonomini,1.0
hayleynoellexo,1.0
taniamotuzas,1.0
jennymitreva,1.0
spamellab,1.0
joshmarunde,1.0
trendy.dianou,1.0
philly.stokes,1.0
tiffany.louise,1.0
yanacanvas,1.0
a12pictures,1.0
bornnbread,1.0
engineermommyblog,1.0
lovemascara,1.0
giuseppe.grl,1.0
claire.studiobrown,1.0
amgreetings,1.0
michellerdk,1.0
daniel_walcher,1.0
marinabastarache,1.0
fredrikrisvik,1.0
theblondemann,1.0
adamgonon,1.0
dapper.david,1.0
runa.makeup,1.0
emmal_,1.0
simonasalvemini,1.0
mrscynthiauptmore,1.0
dedo90,1.0
virtuallystyledbyannmarie,1.0
laura_bruj,1.0
natashattodd,1.0
blvckxkev,1.0
mothershoppers,1.0
staceybeatty84,1.0
thefashionhackr,1.0
lucycsurf,1.0
carla_simonetti_,1.0
opalbyopal,1.0
shedreamsofgucci,1.0
livinglovingrunner,1.0
logicalharmony,1.0
dapperdonats,1.0
kokobeaute,1.0
ga11mck,1.0
cutsforhim,1.0
louis.lgr,1.0
sheelachristyn,1.0
lifewithlibby,1.0
sarahjeangirl,1.0
allanaramaa,1.0
cyrihell,1.0
alessandraairo,1.0
thesimplemoms,1.0
elisauc,1.0
nhieguys,1.0
superfertig,1.0
melissa_kalloo,1.0
graceonyourdash,1.0
back.road.ramblers,1.0
gofastmommy,1.0
lovefabdecor,1.0
amiharuna,1.0
kleiderei,1.0
ophelievita,1.0
theturquoiseflamingo,1.0
romainp__,1.0
chchiclifestyle,1.0
monique.berntsen,1.0
scricciolo92,1.0
s_lo96,1.0
carloalberto.mr,1.0
therealeljay,1.0
irene_buffa,1.0
chandler.hatchett,1.0
naturalbornfeeder,1.0
pops_foodiekitchen,1.0
missmondo,1.0
donafumarola,1.0
makeupwithmona,1.0
jakescawthorne,1.0
rachaelcasey,1.0
majamalnar,1.0
sheevawellness,1.0
jamiekingfit,1.0
_jadesmeals_,1.0
billyilliam,1.0
ahedgehogtravels,1.0
piecesofemerald,1.0
ash_bagga,1.0
_evaciland,1.0
sunnaneufeglise,1.0
ladybaltazar,1.0
keepieces,1.0
kangthropologie,1.0
kimiellie,1.0
nicomaya2525,1.0
wouterkaan,1.0
manuelavitulli,1.0
ezgi_zazou_zena_chloe_,1.0
francescatocca,1.0
wiepboers,1.0
thatguyfromffm,1.0
mrbatlle,1.0
angelicafredricsson,1.0
wanderwithmacy,1.0
vanessabratschi,1.0
gaia_bernacchia,1.0
alisonliaudat,1.0
juliemontagu,1.0
gracey_can,1.0
viandherart,1.0
judithhartjewellers,1.0
tazandbelly,1.0
hank_ge,1.0
iamduct,1.0
alwaysmeliss,1.0
deebeautyforever,1.0
georginagrogan_,1.0
dave.vendetta,1.0
robinastani,1.0
pompberry,1.0
jonas_sofly,1.0
francescanardo,1.0
nives_arrigoni,1.0
giorgiabalestri_,1.0
austenandparker,1.0
mensfashion.book,1.0
icanseeadream,1.0
julie.thedesigntwins,1.0
jolien_brx,1.0
thesolbergfam,1.0
lunachildxox,1.0
toriiitoriii,1.0
williamjwade,1.0
the_moabs,1.0
soosoffia,1.0
steffscheid,1.0
bayarea_buzzies,1.0
henryjwade,1.0
paulinaeriksson,1.0
taylorsometimes,1.0
kristine_janice,1.0
cjphotos_essex,1.0
marlouwinkler,1.0
emmakeuven,1.0
la_sidhu,1.0
smallstepsaregiantleaps,1.0
rockmywedding,1.0
stylemelauren,1.0
ericalave,1.0
jossmooney,1.0
inhonorofmotherhood,1.0
enzagreco_,1.0
dumplingsisters,1.0
afashionnerd,1.0
ecological.ly,1.0
saraschifani,1.0
valentinadorsi,1.0
jannenaakka,1.0
stellaglowing,1.0
ali.naqviii,1.0
tiffanytalesxo,1.0
girlandtheword,1.0
graffagninimanagement,1.0
astronautabbyofficial,1.0
zach_sowder,1.0
alexanderson29,1.0
ashleyguarrasi,1.0
_jacksjournal,1.0
steffanrussu,1.0
its.max.wehner,1.0
toni.raquel,1.0
kathryynn,1.0
emilypalos,1.0
susanasaloo,1.0
rebeccaseals,1.0
fashionbeautyed,1.0
nrahmichelle,1.0
alvainnala,1.0
naomiboyer,1.0
iblondee,1.0
thefashion_lift,1.0
jodiielaw,1.0
withrobinj,1.0
emiliechow,1.0
sydniiee,1.0
goodonyou_app,1.0
sarahgrahamfood,1.0
video_girl,1.0
blue.and.hazel,1.0
giuliapeony,1.0
sophie__nelisse,1.0
bratty.bree,1.0
thisthriftedabode,1.0
cally_oneill,1.0
remembertheocean,1.0
carlos_domord,1.0
fortheloveto,1.0
fashiontimes.it,1.0
mario_schafzahl,1.0
comedowntothewoods,1.0
xalexandra_26,1.0
laurat_funk,1.0
samanthasito,1.0
thecinnamonmom,1.0
liberta.haxhikadriu,1.0
journeywithmom_,1.0
itsnicolesimone,1.0
homeinteriorpage,1.0
carlita_the_gypsy,1.0
brettfirdman,1.0
_.imamber,1.0
_littlesnippets,1.0
tomwindeknecht,1.0
mikaatbhc,1.0
welovekaani,1.0
paulsculfor,1.0
francislola,1.0
dfmarin,1.0
belleandbunty,1.0
zinafashionvibe,1.0
karenfleischmann,1.0
hushglossstile,1.0
ssarahjacobsen,1.0
angelicadamore,1.0
fit_n_clean_mama,1.0
labauhinia,1.0
ludivine_langlois,1.0
kristaperez,1.0
raetilly,1.0
littlemixico,1.0
itsjustkelli,1.0
naaomiross,1.0
kimdecke,1.0
chloeplumstead,1.0
marcialeone_,1.0
beautybritecom,1.0
madeleineborgersen,1.0
tatesuttonhealth,1.0
thatsotee,1.0
alessio.capizzi,1.0
mumneedscoffee,1.0
carleyscamera,1.0
londoncitycalling,1.0
stayfoxx,1.0
raeannlangas,1.0
xomissdanielle,1.0
nancymoeller_,1.0
krueger_patrick,1.0
sarahjanebea,1.0
andeedoll,1.0
krischerie,1.0
crystallizedcho,1.0
virgipiedrahita,1.0
cantimagineit,1.0
thekelleydoll,1.0
thefashionheist,1.0
thewhimsysoul,1.0
kuleshova,1.0
difficileesseredana,1.0
maxliebtsneakers,1.0
athenanaa,1.0
zannasplace,1.0
happybabyness,1.0
janapegrimova,1.0
drayamichele,1.0
aliciajhealey,1.0
kongydmyk,1.0
linda_wlust92,1.0
franki.dammone,1.0
sarinamaya,1.0
gloriapiscedda,1.0
madeleine__lb,1.0
moon.coco_,1.0
rclayton,1.0
sidrellah,1.0
mylesleask,1.0
lescolonnesdesarah,1.0
fixedtothrill,1.0
lyannemeijer,1.0
lolitamas,1.0
avrilkeysblog,1.0
itsisabel.90,1.0
rachfeminineindenim,1.0
juliasteyns,1.0
willwanderforfood,1.0
aliceneverstop,1.0
pegapapelotijeras,1.0
gothfjord,1.0
gracejeramie,1.0
thenikkistandard,1.0
noracim,1.0
inngenue,1.0
d_watso,1.0
mon_mode,1.0
olof1982,1.0
hillesha,1.0
belli_love,1.0
tulipwonderland_,1.0
peterandre,1.0
imnotsorrydarling,1.0
marthashappilyeverafter,1.0
zanabfarooq_,1.0
mommy.yoga,1.0
agoodhueblog,1.0
strawberryblondiekitchen,1.0
paulineneyrolles,1.0
veroniquesophie,1.0
xdyonnex,1.0
lifebeyondkids,1.0
habesha_hottie,1.0
mylifesatravelmovie,1.0
raniaontherun,1.0
lorenachietti,1.0
laurahamiltontv,1.0
sarahwitpeerd,1.0
aieshabeasley,1.0
typicaltuyen,1.0
curlycraftymom,1.0
viviannn.wong,1.0
nikarichii,1.0
essentiallyerika,1.0
deividas,1.0
la_frack,1.0
aliciaeverafter,1.0
alllthingsamanda,1.0
mariasri,1.0
life.as.leah_,1.0
beauteactive,1.0
vmceccato,1.0
rachelnosco,1.0
_housewise,1.0
bentleyblonde,1.0
thefrenchfolk,1.0
mycreativelook,1.0
kehinde_smith,1.0
garfield.is.my.name,1.0
foodfitnessflora,1.0
msstacyliz,1.0
mzjuicy_stakks,1.0
tatevik,1.0
francesca_rubbi,1.0
jordanbigs,1.0
justtututiny,1.0
mrsktpierce,1.0
aboutcaromaria,1.0
diaries.of.danielle,1.0
lovenicolerae,1.0
yourgirllani,1.0
opodramatica,1.0
interiorjunkiecom,1.0
mamacheaps,1.0
wellwithtiffany,1.0
herz_2_herz,1.0
lrns.journey,1.0
katyajones,1.0
karlycakesss,1.0
itssamkress,1.0
ericamuellerhome,1.0
chloejmeadows,1.0
motyvuotiatletai,1.0
letsgoeatca,1.0
patrycjatrznadel,1.0
ash_theheartofit,1.0
houselust,1.0
mariiacanoa,1.0
careeohhlinee,1.0
lindsayknoxmcvety,1.0
sandymakessense,1.0
maritimemommy,1.0
amyserrano,1.0
simonafloresta,1.0
michellexdiaz,1.0
kimmys_renaissance,1.0
thebirdrunner,1.0
jordanweekender,1.0
being_melody,1.0
cocco_ontheroad,1.0
savingyoudinero,1.0
simona_scu,1.0
five_make_a_home,1.0
drsarah1on1,1.0
giselluna,1.0
_johnjarrett,1.0
amandamsperoni,1.0
xthuyle,1.0
nycpretty,1.0
daniellerae.xo,1.0
merricksart,1.0
gallacherkirsty,1.0
whitneys_wonderland,1.0
laceywiltshire,1.0
ashleyjtodd,1.0
shesthecontessa,1.0
stylebymarz,1.0
alisonksaylor,1.0
mikaelashiffrin,1.0
katarzyna.zet,1.0
caribbean_cowgirl,1.0
roxanarosuu,1.0
sarahkretzu,1.0
thefloralaw,1.0
noahschnapp,1.0
cheryl.law_,1.0
grace_goldberg,1.0
christinaeileen,1.0
je_dinn,1.0
blondeyouadieu,1.0
projectmotherhood,1.0
emilywondree,1.0
kourtnileigh,1.0
itsjaou,1.0
jennyloveslove,1.0
mommainflipflops,1.0
simplyclassycassie,1.0
ohsoglamblog,1.0
browngirlstyles,1.0
busylittleizzy,1.0
abigailbrockman,1.0
yaelfrla,1.0
danilas93,1.0
jillgourlayx,1.0
vivaveltoro,1.0
glamandgeeky,1.0
mattsslimming_food,1.0
lustliving,1.0
allisonbcarlson,1.0
richardmeharry,1.0
sapphirediaries,1.0
lottie.daisy,1.0
rachelobeauty,1.0
the_vintage_bombshell,1.0
__beingbrittany,1.0
albertodibartolomeo_,1.0
seynabou,1.0
streetsbeatseats,1.0
travandcor,1.0
valentina_peracchi,1.0
kaleymcc,1.0
littlesouthernwife,1.0
claudiaskop,1.0
tori.mccain,1.0
mattlummus,1.0
amandawarren__,1.0
msheatherlynne,1.0
livblankson,1.0
hjgflanagan,1.0
melaniekroll,1.0
romanaschoenauer.photography,1.0
puremomblog,1.0
a_romangirl_in_miami,1.0
eburnsprepjerks,1.0
pinkheartsbee,1.0
hannahliza,1.0
toniolaoye1,1.0
karin_horen,1.0
alessawinter,1.0
shannan.rn,1.0
little_tummy,1.0
culturecheese,1.0
kekicannon,1.0
betsabea_,1.0
jointwine,1.0
emmaplusthree,1.0
thehautebrunette,1.0
colorblind_bird,1.0
house.and.roses,1.0
missmisschelle,1.0
thesalcombemummy,1.0
thisismarionette,1.0
jennifercallahan,1.0
fae101,1.0
thefitfatale,1.0
knowingtracy,1.0
karenchaiane,1.0
sarahsmommylife,1.0
isislouw,1.0
karolynbriley,1.0
mommydoesntlie,1.0
select._____shop,1.0
bostoncommag,1.0
ashleymareebeauty,1.0
teressaas,1.0
carlotta.rubaltelli,1.0
blonde_blog4u,1.0
alessandracarlomagno,1.0
franci_chelli,1.0
cutenlittle,1.0
kate.at.number35,1.0
southernmadesimple,1.0
pmqfortwo,1.0
themomedit,1.0
kirbyisaboss,1.0
raeciao_,1.0
sinemgenckol,1.0
kiskisliss,1.0
shelly_pineda,1.0
pipshome,1.0
makingitmoore,1.0
shes.kimmie,1.0
lovemamadews,1.0
blovedblog,1.0
chinutay,1.0
discoverelle,1.0
xin.xue,1.0
sarahroseloves,1.0
rachael_francess,1.0
cocosteaparty,1.0
osmanyy,1.0
thisgirlcanorganise,1.0
josefinnyblom,1.0
alexandra.nicole,1.0
nyctechmommy,1.0
lara.gr,1.0
jesskatt123,1.0
enabla.fr,1.0
mailynngo,1.0
wearsitatkat,1.0
jennythevoice,1.0
petaly_k,1.0
insta_kennedys,1.0
sienna.hollen,1.0
libriamociblog,1.0
kylee.pickering,1.0
justinevivienx,1.0
noor,1.0
rhian_hy,1.0
saraguchi84,1.0
mvrubi,1.0
gabrielmpadilla,1.0
spicentice,1.0
norahpritchard,1.0
dailyfrontrow,1.0
mancinofederica,1.0
anaistori,1.0
_dawn_wells,1.0
ingrida_martinkenaite,1.0
justdoing_mi,1.0
cate_carpe,1.0
ju.st.style,1.0
ziiarch,1.0
kileerainbow,1.0
lewiscastillor,1.0
avene_uki,1.0
laurenelson,1.0
pegahpourmand,1.0
gr1fn,1.0
glamourimblog,1.0
codergirl_,1.0
yuko_yoga,1.0
laborders2000,1.0
seiichirouwet,1.0
thejennaricciardi,1.0
mightymorphinz,1.0
eddygrim,1.0
bele.marie_,1.0
amineezack,1.0
dressforsuccess,1.0
hannahstemme,1.0
hellolizbraga,1.0
teresa_vu,1.0
sruoy,1.0
wendyvsoest,1.0
meghannselmes,1.0
easy_peasy_creative_ideas,1.0
nanibla_,1.0
thegirlinthetartanscarf,1.0
juliasannerdahl,1.0
benchpeg,1.0
elisachisanahoshi,1.0
atrendyexperience,1.0
vanillasyndrome,1.0
wheresmollie,1.0
dustincelestine,1.0
i_am_laurabrown,1.0
dappergillstyle,1.0
ana__monte,1.0
azramijnsbergen,1.0
lovingl_y,1.0
melly.woo,1.0
nerline_germain,1.0
amal.amamou,1.0
yleniapetrucci,1.0
jan.a.man,1.0
lucreziacandelori,1.0
chiaracampbellrieger,1.0
thedaydreamdiaries,1.0
norinescountrynest,1.0
ekammeyer,1.0
carmycotugno,1.0
valerianardilli,1.0
sunshineandjetts,1.0
fromevijawithlove,1.0
alexsimpson_x,1.0
alliegee319,1.0
yolanda_rosell,1.0
flyingcouponer,1.0
yogitoronto,1.0
ashmeet94,1.0
elviracioffi,1.0
thetierraj,1.0
yamamnabeel,1.0
xolivi,1.0
vildevang,1.0
jessicaelectraa,1.0
jordananastasia_,1.0
finnteriordesigner,1.0
kenlgr_,1.0
allthingscount,1.0
mizzmok,1.0
antheasanna,1.0
kimmkruse,1.0
overdarry,1.0
lovesunnyleona,1.0
mondyna,1.0
ml.yi,1.0
huntersofhappiness,1.0
explorewright,1.0
twisttravelmag,1.0
joliemodel,1.0
lindseylondonmumma,1.0
lauranorrisrunning,1.0
dallas_moms,1.0
jamieericksen,1.0
johnthebaptistla,1.0
benparkes,1.0
mrsgasky,1.0
theblondeflamingo,1.0
carmelatte,1.0
michaeljhardwick_,1.0
crogtierney,1.0
cyrillibrahim,1.0
stangandco,1.0
anna.krylova,1.0
jesssouthern,1.0
carmendiprima,1.0
julesjetsets,1.0
amanda_holstein,1.0
marikym,1.0
staceycookusa,1.0
aimeerancer,1.0
capsulemumstyle,1.0
isabelle.clarke,1.0
tomasch_,1.0
alexandravoya,1.0
makeupcitypop,1.0
hollybentley_yoga,1.0
talunzeitoun,1.0
sarah_adf,1.0
_millergrey,1.0
lindaboese,1.0
pink_princess_717,1.0
gisellafrancisca,1.0
paula__muir,1.0
kata.lima,1.0
gregt_ktu,1.0
joaquinmorodo,1.0
laurahopa,1.0
erika_n.c.r,1.0
ida_df,1.0
mollieroseuk,1.0
annemarieamber,1.0
chiccaa_92,1.0
mindysttnprty,1.0
christinemconnor,1.0
laurenhendrix92,1.0
mammapop,1.0
thebasicbloggerbitch,1.0
naturalmentemama,1.0
adrilately,1.0
sarabottn,1.0
cxrlywhite,1.0
britt_horton,1.0
the.blonde.bookworm,1.0
hattiewesttt,1.0
fiioredimaggio,1.0
thebeckywillis,1.0
naturally_yayou,1.0
chelseabourke,1.0
a.kblr,1.0
halaltravellerguide,1.0
izzieburletonx,1.0
trendmixblog,1.0
clematc,1.0
birdseyemeeple,1.0
brielle_davis_gmm,1.0
misshedwig,1.0
nymatang,1.0
brownchris,1.0
fleetfarmofficial,1.0
tooshortname,1.0
caiocesarrx,1.0
sydneyliann,1.0
gemelizabethloves,1.0
dadwithapan,1.0
redgirlwithcurlss,1.0
alexisdavilaa,1.0
sharonwarten,1.0
marco_borzillo,1.0
notageek4u,1.0
valielfrnce,1.0
mursalison,1.0
man_branded,1.0
taylorsaxelby,1.0
phebrown,1.0
mariechristineproulx,1.0
mskerih,1.0
bk_goldengoddess,1.0
rockinmamalife,1.0
trishayearwood,1.0
moacilopes,1.0
lovebakesgoodcakes,1.0
readeropolis,1.0
dawnrichard,1.0
marinobambinos,1.0
mariscallahan,1.0
cesarsjourney,1.0
eddypinto_,1.0
casa_colibri,1.0
emeraldgordonwulf,1.0
rainkatayanagi,1.0
joyce.r.shulman,1.0
federica.scaduto,1.0
wanderingwolfchild,1.0
carlafitlife,1.0
ryanbaileypotter,1.0
ericaonfashion,1.0
elleydanay,1.0
ryansecret,1.0
stylemissmolly,1.0
the_koko_channel,1.0
lolavan,1.0
amythemermaidx,1.0
yay.skii,1.0
katecrandall,1.0
micahjesse,1.0
mrdanielnguyen,1.0
naturalme4c,1.0
jessiemdelgado,1.0
crumbykitchen,1.0
thysonb,1.0
daisychaindream,1.0
taislany,1.0
my.skinology,1.0
xoalexandram,1.0
dressastyle,1.0
deboracentonze,1.0
jack.designs,1.0
zero.waste.nest,1.0
fierzsportswear,1.0
shoesandjuice,1.0
stylesofman,1.0
annakaderavkova,1.0
katelouisehowson,1.0
phyllondon_bodiphy,1.0
salvatoregualtieri_,1.0
emsoen,1.0
helloangelrose,1.0
ericethridgemusic,1.0
poshpassions,1.0
momentsoffashion,1.0
yasminelzomor,1.0
amber_m_bentley,1.0
pontusrasmusson,1.0
chicandsweaty,1.0
lucababboni,1.0
camerontewson,1.0
irisenthoven,1.0
_annandrea_,1.0
laetisleroi,1.0
tommybrady7,1.0
kelseykinsel,1.0
emilywithanimals,1.0
wastedboys,1.0
earnshawsmagazine,1.0
mamathefox,1.0
diana.heisler,1.0
almosthemoon,1.0
pariejoshi,1.0
theblondeventure,1.0
missnicolelynn1,1.0
nessa.ssary,1.0
pentasticarts,1.0
thegreycanvas,1.0
thecatwilliams,1.0
alexcellenthealth,1.0
hollyportelli,1.0
lyasiainthecity,1.0
beingashleigh,1.0
idazeile,1.0
chxrming,1.0
ksmmakeup,1.0
iamgeorgenikolaou,1.0
carolinareal,1.0
theneekola,1.0
aglamlifestyle,1.0
irishtatler,1.0
upanddiemagazine,1.0
caterinamoda,1.0
romarealica,1.0
filippofattorusofoto,1.0
irisamber,1.0
annabelizm,1.0
bangonstyle,1.0
globetrotters_aj,1.0
welliesandchampagne,1.0
jjlifenstyle,1.0
olyacreative,1.0
madeleinekettner,1.0
sophiedeleede,1.0
taniabdarling,1.0
hippie__world___,1.0
emmanuellenvr,1.0
liarosealice,1.0
julia.tric,1.0
parentinghealthy,1.0
slavia_karlen,1.0
cleverhousewife,1.0
gemkwatts,1.0
gastro_le,1.0
sweetiesinthesuburbs,1.0
elenajole,1.0
lalalaclaire,1.0
stellasowa,1.0
thedandyliar,1.0
lia_tard,1.0
johannahoffsten,1.0
manuecureau,1.0
aidaper,1.0
kinkysweat,1.0
juliadantasbeauty,1.0
wearedresscape,1.0
stephjoyner_,1.0
beauhemm,1.0
thefamilybeehive,1.0
cam_ds,1.0
partytildawn,1.0
wisteria_voyage,1.0
silcre__,1.0
aboveandbeblonde,1.0
chelseaasoflate,1.0
jennalyyy,1.0
dimitri_tsr,1.0
itsvictorwong,1.0
veronicaalesci,1.0
sabrina.wgrt,1.0
borolitos,1.0
thoughtfulmisfit,1.0
tanejasbride,1.0
melaninmakeup,1.0
foreverjenypher,1.0
hakamme,1.0
thestephglover,1.0
kimcdickerson,1.0
spiral_of_life,1.0
florenceros.e,1.0
maliajaynehome,1.0
inkstaboy,1.0
palmsets,1.0
elylemieux,1.0
oliviaponcelet,1.0
rossellaiozzi,1.0
jcpeters_,1.0
tobebright,1.0
sixfeetinheels,1.0
whatkathydidnext,1.0
mummyfever,1.0
brittmfogle,1.0
antheajanebiggs,1.0
dimitris_kolonas,1.0
jeffreygala,1.0
patri.house,1.0
cindyprado,1.0
navigatingwanderland,1.0
visiondharma,1.0
blameitonmei,1.0
cheskahull,1.0
ingaakira,1.0
dani_wahlstrom,1.0
spanishyogagirl,1.0
yessy_reviews,1.0
aww.sam,1.0
stoffepettersson,1.0
__chloeperry__,1.0
adelaguerra,1.0
divinedotca,1.0
ejay_diamond1,1.0
chechurodriguez_real,1.0
terminally_unhip,1.0
aratariathome,1.0
valentinbruneau,1.0
andrewcretaro,1.0
catcherinthestyle,1.0
igers_treviso,1.0
swankandroche,1.0
dianaprz93,1.0
alexandrafogarassy,1.0
giuliafsmith,1.0
samrollinson,1.0
silvio.dandrea,1.0
astoldbykaydi,1.0
csirinyi,1.0
adoeandfawn,1.0
patricia.cori.na,1.0
dressedfortime,1.0
camillassecrets,1.0
jasminwalia,1.0
tabbyspantry,1.0
the_stephen_3,1.0
beautyecologist,1.0
annalinda_96,1.0
estokholm,1.0
salvatorechiacchio_,1.0
ishcontent,1.0
sofiabergsten,1.0
shantrinas,1.0
nicolay.t,1.0
districtofchic,1.0
sharing_genes,1.0
rossella_torelli,1.0
laurasandoval___,1.0
halfmermaid_rin,1.0
smiling_notes,1.0
brnzblog,1.0
franbowtie,1.0
laurralucie,1.0
aure0lia,1.0
mk_espo,1.0
keely_busby,1.0
ty3kingz,1.0
nenolovesyou,1.0
houseofharper,1.0
wrappedupnu,1.0
monellechiti,1.0
secretsofjessica,1.0
makeupbytammi,1.0
tayaladame,1.0
jodiblk_,1.0
emilyboazman,1.0
marynaaksenov,1.0
alainakaz,1.0
snigdhaparijat,1.0
saramontazami,1.0
tripinaomi,1.0
jujuonther0cks,1.0
louisawarwick,1.0
mckenzieryan,1.0
lapetitestyliste,1.0
sugarmama1211,1.0
erlakolbrun,1.0
emmavanstone,1.0
classyverse,1.0
leyla.kazim,1.0
pattys_kloset,1.0
malinstee,1.0
chairyoga.barb,1.0
amandakl,1.0
luxe_leisure,1.0
cbquality,1.0
kristen.ny,1.0
alessiameucci,1.0
nicoleroseblog,1.0
dannybayshore,1.0
atsunamatsui,1.0
kirstenortez,1.0
zaramartin,1.0
trainerkelli,1.0
easyherbst,1.0
all.smol,1.0
elyselauthier,1.0
carmensegattini,1.0
what.sian.eats,1.0
thickgrlscloset,1.0
theteachermama_,1.0
thesprintsisters,1.0
malaami,1.0
burcu_ergin,1.0
themonalita,1.0
_claudiabella_,1.0
christinaeom,1.0
meetmeeker,1.0
sofashionated_by_steffy,1.0
rubykittyy,1.0
hxlloworld,1.0
peachestopearls,1.0
shaunstafford,1.0
kirstenanderton,1.0
bossfidence,1.0
mommy_and_mira,1.0
noemiebannes,1.0
eliselefort_,1.0
emmafayerudkin,1.0
samfenton_,1.0
marysuemilliken,1.0
kristieramo,1.0
haifazakariaa,1.0
selinasinspiration,1.0
chooseloveart,1.0
chyl.robinson,1.0
officialbeautydollz,1.0
katerina_leroy,1.0
upalalaok,1.0
ignaziomoser,1.0
eat.to.live_fit,1.0
pumpsandpushups,1.0
livpurvis,1.0
aly.ssamegan,1.0
lisette.harrington,1.0
natalieheckman,1.0
sheriseswithgrace,1.0
alessia.pagani,1.0
richicadrouce,1.0
thedistinguishedgentleman_,1.0
shannonbaker,1.0
missmikaylag,1.0
sonia_lmch,1.0
jaynee.me,1.0
todaywelove.uk,1.0
branadane,1.0
mysweetzepol,1.0
annkathringrebner,1.0
missguenette,1.0
cath_belle,1.0
